{
    "transform": [
        [
            0.9941540360450745,
            0.10797122120857239,
            -5.3331888921093196e-05,
            -0.0005228929221630096
        ],
        [
            -5.3331888921093196e-05,
            0.0009850084315985441,
            0.9999995231628418,
            -0.05432258918881416
        ],
        [
            0.10797122120857239,
            -0.9941535592079163,
            0.0009850084315985441,
            -0.41885632276535034
        ]
    ],
    "scale": 0.1857884362389649
}