{
	"class_name" : "PinholeCameraParameters",
	"extrinsic" : 
	[
		0.98949343128162492,
		0.12155232467002049,
		-0.078280149577209607,
		0.0,
		-0.13769427988695435,
		0.95737593897129947,
		-0.25391257701271108,
		0.0,
		0.044079867705444177,
		0.26202355589934423,
		0.96405426269320238,
		0.0,
		-0.44596282935573606,
		-2.7400102650821077,
		-5.607925011758085,
		1.0
	],
	"intrinsic" : 
	{
		"height" : 1080,
		"intrinsic_matrix" : 
		[
			935.30743608719376,
			0.0,
			0.0,
			0.0,
			935.30743608719376,
			0.0,
			959.5,
			539.5,
			1.0
		],
		"width" : 1920
	},
	"version_major" : 1,
	"version_minor" : 0
}